{
  "timestamp": "2026-06-18T22:55:03.906248",
  "command": "evaluate.py",
  "args": {
    "models": [
      "cnn",
      "tcn",
      "bilstm",
      "gru",
      "transformer"
    ],
    "models_dir": "../models",
    "tensors2018": "../tensors/2018",
    "tensors2017": "../tensors/2017",
    "splits": "../splits/splits.npz",
    "out": "../results",
    "batch": 4096,
    "seq_len": 60
  },
  "within_2018": {
    "cnn": {
      "MCC": 0.9968983946342682,
      "F1_macro": 0.9984472880234136,
      "PR_AUC": 0.9999227918163757,
      "ROC_AUC": 0.9999659301939132,
      "FPR_at_TPR95": 9.177526739975638e-05
    },
    "tcn": {
      "MCC": 0.9973915158948218,
      "F1_macro": 0.9986957565448249,
      "PR_AUC": 0.9999307934222422,
      "ROC_AUC": 0.999970074395265,
      "FPR_at_TPR95": 6.34083665671044e-05
    },
    "bilstm": {
      "MCC": 0.9966262776161557,
      "F1_macro": 0.9983129543538363,
      "PR_AUC": 0.999798733068261,
      "ROC_AUC": 0.9998967295020332,
      "FPR_at_TPR95": 6.173972534165429e-05
    },
    "gru": {
      "MCC": 0.996623793544574,
      "F1_macro": 0.9983117341571175,
      "PR_AUC": 0.9997976233233757,
      "ROC_AUC": 0.9998959393124232,
      "FPR_at_TPR95": 7.008293146890487e-05
    },
    "transformer": {
      "MCC": 0.9973557040876818,
      "F1_macro": 0.998676684930682,
      "PR_AUC": 0.9999183009659094,
      "ROC_AUC": 0.9999638599775041,
      "FPR_at_TPR95": 6.173972534165429e-05
    },
    "\u03c6_agg": {
      "MCC": 0.9977973261156861,
      "F1_macro": 0.9988984497810429,
      "PR_AUC": 0.9999371661584926,
      "ROC_AUC": 0.9999764084535596,
      "FPR_at_TPR95": 1.5017771029051044e-05
    }
  },
  "cross_2017": {
    "cnn": {
      "MCC": 0.43465318902916833,
      "F1_macro": 0.6608060000239471,
      "PR_AUC": 0.5753687547903348,
      "ROC_AUC": 0.5609780430539735,
      "FPR_at_TPR95": 0.9973347464559312,
      "MCC_opt": 0.6216525512297436
    },
    "tcn": {
      "MCC": 0.45827857479009526,
      "F1_macro": 0.6641141734705467,
      "PR_AUC": 0.7922766007501263,
      "ROC_AUC": 0.9112229208938514,
      "FPR_at_TPR95": 0.40921849104113467,
      "MCC_opt": 0.6590457690839762
    },
    "bilstm": {
      "MCC": 0.47804342305247716,
      "F1_macro": 0.6801921960022618,
      "PR_AUC": 0.8838843088977238,
      "ROC_AUC": 0.9648670657003326,
      "FPR_at_TPR95": 0.14428787868010556,
      "MCC_opt": 0.802485721617951
    },
    "gru": {
      "MCC": 0.6456715775926423,
      "F1_macro": 0.7971486870332091,
      "PR_AUC": 0.8884973249112945,
      "ROC_AUC": 0.9633129673082163,
      "FPR_at_TPR95": 0.22751748027911542,
      "MCC_opt": 0.8528467584827722
    },
    "transformer": {
      "MCC": 0.44512504615747484,
      "F1_macro": 0.6639941994307973,
      "PR_AUC": 0.878113199634073,
      "ROC_AUC": 0.9769603146984975,
      "FPR_at_TPR95": 0.07408152958666164,
      "MCC_opt": 0.8059758865352519
    },
    "\u03c6_agg": {
      "MCC": 0.6285167687469637,
      "F1_macro": 0.7919624614778311,
      "PR_AUC": 0.8145553798947639,
      "ROC_AUC": 0.9453731322473853,
      "FPR_at_TPR95": 0.18165762125943366,
      "MCC_opt": 0.7108800467036444
    }
  },
  "unseen_classes_2017": {
    "cnn": {
      "portscan": 0.4992305863807534,
      "heartbleed": 0.2222222222222222
    },
    "tcn": {
      "portscan": 0.49886151805932616,
      "heartbleed": 0.2222222222222222
    },
    "bilstm": {
      "portscan": 0.4747031814940386,
      "heartbleed": 0.2777777777777778
    },
    "gru": {
      "portscan": 0.4747156922845955,
      "heartbleed": 0.2222222222222222
    },
    "transformer": {
      "portscan": 0.49901790294128684,
      "heartbleed": 0.2222222222222222
    },
    "\u03c6_agg": {
      "portscan": 0.5007881798050818,
      "heartbleed": 0.0
    }
  }
}